dateTime,level,logID,seconds
2018-09-08T23:53:30.000,asleep,19454971019,180
2018-09-08T23:56:30.000,restless,19454971019,60
2018-09-08T23:57:30.000,asleep,19454971019,960
2018-09-09T00:13:30.000,restless,19454971019,60
2018-09-09T00:14:30.000,asleep,19454971019,180
2018-09-09T00:17:30.000,restless,19454971019,60
2018-09-09T00:18:30.000,asleep,19454971019,720
2018-09-09T00:30:30.000,restless,19454971019,300
2018-09-09T00:35:30.000,asleep,19454971019,60
2018-09-09T00:36:30.000,restless,19454971019,60
2018-09-09T00:37:30.000,asleep,19454971019,840
2018-09-09T00:51:30.000,restless,19454971019,60
2018-09-09T00:52:30.000,asleep,19454971019,1260
2018-09-09T01:13:30.000,restless,19454971019,180
2018-09-09T01:16:30.000,asleep,19454971019,60
2018-09-09T01:17:30.000,restless,19454971019,60
2018-09-09T01:18:30.000,asleep,19454971019,420
2018-09-09T01:25:30.000,restless,19454971019,120
2018-09-09T01:27:30.000,asleep,19454971019,120
2018-09-09T01:29:30.000,restless,19454971019,60
2018-09-09T01:30:30.000,asleep,19454971019,5400
2018-09-09T03:00:30.000,restless,19454971019,60
2018-09-09T03:01:30.000,asleep,19454971019,4440
2018-09-09T04:15:30.000,restless,19454971019,60
2018-09-09T04:16:30.000,asleep,19454971019,2820
2018-09-09T05:03:30.000,restless,19454971019,60
2018-09-09T05:04:30.000,asleep,19454971019,420
2018-09-09T05:11:30.000,restless,19454971019,60
2018-09-09T05:12:30.000,asleep,19454971019,2160
2018-09-09T05:48:30.000,restless,19454971019,60
2018-09-09T05:49:30.000,asleep,19454971019,2640
2018-09-09T06:33:30.000,restless,19454971019,180
2018-09-09T06:36:30.000,asleep,19454971019,60
2018-09-09T06:37:30.000,restless,19454971019,180
2018-09-09T06:40:30.000,asleep,19454971019,60
2018-09-07T23:22:30.000,restless,19445045219,60
2018-09-07T23:23:30.000,awake,19445045219,60
2018-09-07T23:24:30.000,restless,19445045219,180
2018-09-07T23:27:30.000,asleep,19445045219,1560
2018-09-07T23:53:30.000,restless,19445045219,60
2018-09-07T23:54:30.000,asleep,19445045219,4980
2018-09-08T01:17:30.000,restless,19445045219,60
2018-09-08T01:18:30.000,asleep,19445045219,4500
2018-09-08T02:33:30.000,restless,19445045219,120
2018-09-08T02:35:30.000,asleep,19445045219,120
2018-09-08T02:37:30.000,restless,19445045219,120
2018-09-08T02:39:30.000,asleep,19445045219,6600
2018-09-08T04:29:30.000,restless,19445045219,60
2018-09-08T04:30:30.000,asleep,19445045219,1320
2018-09-08T04:52:30.000,restless,19445045219,60
2018-09-08T04:53:30.000,asleep,19445045219,2400
2018-09-08T05:33:30.000,restless,19445045219,60
2018-09-08T05:34:30.000,awake,19445045219,60
2018-09-08T05:35:30.000,asleep,19445045219,3480
2018-11-05T22:33:00.000,asleep,20070096843,420
2018-11-05T22:40:00.000,restless,20070096843,240
2018-11-05T22:44:00.000,asleep,20070096843,6000
2018-11-06T00:24:00.000,restless,20070096843,300
2018-11-06T00:29:00.000,asleep,20070096843,7800
2018-11-06T02:39:00.000,restless,20070096843,180
2018-11-06T02:42:00.000,asleep,20070096843,6780
2018-11-06T04:35:00.000,restless,20070096843,300
2018-11-06T04:40:00.000,awake,20070096843,120
2018-11-06T04:42:00.000,restless,20070096843,60
2018-11-06T04:43:00.000,awake,20070096843,120
2018-11-03T23:44:00.000,restless,20050246210,60
2018-11-03T23:45:00.000,asleep,20050246210,120
2018-11-03T23:47:00.000,restless,20050246210,240
2018-11-03T23:51:00.000,asleep,20050246210,960
2018-11-04T00:07:00.000,restless,20050246210,180
2018-11-04T00:10:00.000,asleep,20050246210,180
2018-11-04T00:13:00.000,restless,20050246210,60
2018-11-04T00:14:00.000,asleep,20050246210,540
2018-11-04T00:23:00.000,restless,20050246210,180
2018-11-04T00:26:00.000,awake,20050246210,360
2018-11-04T00:32:00.000,restless,20050246210,120
2018-11-04T00:34:00.000,asleep,20050246210,180
2018-11-04T00:37:00.000,restless,20050246210,300
2018-11-04T00:42:00.000,asleep,20050246210,240
2018-11-04T00:46:00.000,restless,20050246210,120
2018-11-04T00:48:00.000,asleep,20050246210,600
2018-11-04T00:58:00.000,restless,20050246210,60
2018-11-04T00:59:00.000,asleep,20050246210,10380
2018-11-04T03:52:00.000,restless,20050246210,60
2018-11-04T03:53:00.000,asleep,20050246210,11220
2018-11-04T07:00:00.000,restless,20050246210,120
2018-11-04T07:02:00.000,asleep,20050246210,120
2018-11-01T13:06:00.000,awake,20038783045,120
2018-11-01T13:08:00.000,restless,20038783045,60
2018-11-01T13:09:00.000,awake,20038783045,60
2018-11-01T13:10:00.000,asleep,20038783045,420
2018-11-01T13:17:00.000,restless,20038783045,60
2018-11-01T13:18:00.000,asleep,20038783045,5760
2018-11-01T14:54:00.000,restless,20038783045,240
2018-11-01T14:58:00.000,awake,20038783045,120
2018-11-01T15:00:00.000,restless,20038783045,60
2018-11-01T15:01:00.000,asleep,20038783045,1800
2018-11-01T15:31:00.000,restless,20038783045,120
2018-10-31T22:04:30.000,asleep,20018489111,180
2018-10-31T22:07:30.000,restless,20018489111,240
2018-10-31T22:11:30.000,awake,20018489111,60
2018-10-31T22:12:30.000,restless,20018489111,180
2018-10-31T22:15:30.000,asleep,20018489111,1740
2018-10-31T22:44:30.000,restless,20018489111,60
2018-10-31T22:45:30.000,asleep,20018489111,10080
2018-11-01T01:33:30.000,restless,20018489111,60
2018-11-01T01:34:30.000,asleep,20018489111,1140
2018-11-01T01:53:30.000,restless,20018489111,120
2018-11-01T01:55:30.000,asleep,20018489111,5940
2018-11-01T03:34:30.000,restless,20018489111,180
2018-11-01T03:37:30.000,asleep,20018489111,7440
2018-11-01T05:41:30.000,restless,20018489111,240
2018-11-01T05:45:30.000,asleep,20018489111,60
2018-11-01T05:46:30.000,restless,20018489111,60
2018-10-30T22:20:00.000,asleep,20011674302,120
2018-10-30T22:22:00.000,awake,20011674302,60
2018-10-30T22:23:00.000,asleep,20011674302,1380
2018-10-30T22:46:00.000,restless,20011674302,120
2018-10-30T22:48:00.000,asleep,20011674302,18120
2018-10-31T03:50:00.000,restless,20011674302,60
2018-10-31T03:51:00.000,asleep,20011674302,900
2018-10-31T04:06:00.000,restless,20011674302,60
2018-10-31T04:07:00.000,asleep,20011674302,1620
2018-10-31T04:34:00.000,restless,20011674302,120
2018-10-31T04:36:00.000,asleep,20011674302,4500
2018-10-31T05:51:00.000,restless,20011674302,180
2018-10-31T05:54:00.000,awake,20011674302,180
2018-10-29T22:42:30.000,awake,19998753673,120
2018-10-29T22:44:30.000,asleep,19998753673,3240
2018-10-29T23:38:30.000,restless,19998753673,120
2018-10-29T23:40:30.000,asleep,19998753673,1860
2018-10-30T00:11:30.000,restless,19998753673,120
2018-10-30T00:13:30.000,asleep,19998753673,60
2018-10-30T00:14:30.000,restless,19998753673,60
2018-10-30T00:15:30.000,asleep,19998753673,3780
2018-10-30T01:18:30.000,restless,19998753673,60
2018-10-30T01:19:30.000,asleep,19998753673,15540
2018-10-28T22:58:00.000,asleep,19998751610,180
2018-10-28T23:01:00.000,restless,19998751610,420
2018-10-28T23:08:00.000,asleep,19998751610,120
2018-10-28T23:10:00.000,restless,19998751610,60
2018-10-28T23:11:00.000,asleep,19998751610,3300
2018-10-29T00:06:00.000,restless,19998751610,60
2018-10-29T00:07:00.000,asleep,19998751610,3480
2018-10-29T01:05:00.000,restless,19998751610,60
2018-10-29T01:06:00.000,asleep,19998751610,18000
2018-10-29T06:06:00.000,restless,19998751610,180
2018-10-29T06:09:00.000,asleep,19998751610,60
2018-10-29T06:10:00.000,restless,19998751610,180
2018-10-29T06:13:00.000,asleep,19998751610,120
2018-10-29T06:15:00.000,restless,19998751610,60
2018-10-29T06:16:00.000,asleep,19998751610,60
2018-10-27T22:47:00.000,restless,19998751609,240
2018-10-27T22:51:00.000,asleep,19998751609,1680
2018-10-27T23:19:00.000,restless,19998751609,120
2018-10-27T23:21:00.000,asleep,19998751609,6420
2018-10-28T01:08:00.000,restless,19998751609,120
2018-10-28T01:10:00.000,asleep,19998751609,1980
2018-10-28T01:43:00.000,restless,19998751609,60
2018-10-28T01:44:00.000,asleep,19998751609,3600
2018-10-28T02:44:00.000,restless,19998751609,120
2018-10-28T02:46:00.000,asleep,19998751609,60
2018-10-28T02:47:00.000,restless,19998751609,120
2018-10-28T02:49:00.000,asleep,19998751609,7920
2018-10-28T05:01:00.000,restless,19998751609,60
2018-10-28T05:02:00.000,asleep,19998751609,4800
2018-10-28T06:22:00.000,restless,19998751609,180
2018-10-28T06:25:00.000,asleep,19998751609,60
2018-10-28T06:26:00.000,restless,19998751609,180
2018-10-28T06:29:00.000,asleep,19998751609,120
2018-10-25T23:39:30.000,asleep,19959571902,540
2018-10-25T23:48:30.000,restless,19959571902,60
2018-10-25T23:49:30.000,asleep,19959571902,1260
2018-10-26T00:10:30.000,restless,19959571902,60
2018-10-26T00:11:30.000,asleep,19959571902,1200
2018-10-26T00:31:30.000,restless,19959571902,60
2018-10-26T00:32:30.000,asleep,19959571902,3240
2018-10-26T01:26:30.000,restless,19959571902,60
2018-10-26T01:27:30.000,asleep,19959571902,60
2018-10-26T01:28:30.000,restless,19959571902,60
2018-10-26T01:29:30.000,asleep,19959571902,14580
2018-10-26T05:32:30.000,restless,19959571902,60
2018-10-26T05:33:30.000,asleep,19959571902,1800
2018-10-26T06:03:30.000,restless,19959571902,60
2018-10-26T06:04:30.000,asleep,19959571902,4560
2018-10-26T07:20:30.000,restless,19959571902,120
2018-10-25T00:29:00.000,restless,19944450228,120
2018-10-25T00:31:00.000,asleep,19944450228,120
2018-10-25T00:33:00.000,restless,19944450228,120
2018-10-25T00:35:00.000,asleep,19944450228,120
2018-10-25T00:37:00.000,restless,19944450228,60
2018-10-25T00:38:00.000,asleep,19944450228,180
2018-10-25T00:41:00.000,restless,19944450228,60
2018-10-25T00:42:00.000,asleep,19944450228,3240
2018-10-25T01:36:00.000,restless,19944450228,60
2018-10-25T01:37:00.000,asleep,19944450228,3660
2018-10-25T02:38:00.000,restless,19944450228,60
2018-10-25T02:39:00.000,asleep,19944450228,12240
2018-10-21T01:28:30.000,asleep,19902263063,240
2018-10-21T01:32:30.000,restless,19902263063,60
2018-10-21T01:33:30.000,asleep,19902263063,120
2018-10-21T01:35:30.000,restless,19902263063,60
2018-10-21T01:36:30.000,asleep,19902263063,60
2018-10-21T01:37:30.000,restless,19902263063,60
2018-10-21T01:38:30.000,asleep,19902263063,420
2018-10-21T01:45:30.000,restless,19902263063,60
2018-10-21T01:46:30.000,asleep,19902263063,180
2018-10-21T01:49:30.000,restless,19902263063,60
2018-10-21T01:50:30.000,asleep,19902263063,7620
2018-10-21T03:57:30.000,restless,19902263063,60
2018-10-21T03:58:30.000,asleep,19902263063,1440
2018-10-21T04:22:30.000,restless,19902263063,60
2018-10-21T04:23:30.000,asleep,19902263063,600
2018-10-21T04:33:30.000,restless,19902263063,60
2018-10-21T04:34:30.000,asleep,19902263063,2220
2018-10-21T05:11:30.000,restless,19902263063,60
2018-10-21T05:12:30.000,asleep,19902263063,300
2018-10-21T05:17:30.000,restless,19902263063,60
2018-10-21T05:18:30.000,asleep,19902263063,8040
2018-10-21T07:32:30.000,restless,19902263063,60
2018-10-21T07:33:30.000,asleep,19902263063,2100
2018-10-21T08:08:30.000,restless,19902263063,120
2018-10-21T08:10:30.000,asleep,19902263063,120
2018-10-21T08:12:30.000,restless,19902263063,120
2018-10-21T08:14:30.000,asleep,19902263063,1620
2018-10-21T08:41:30.000,restless,19902263063,60
2018-10-21T08:42:30.000,asleep,19902263063,120
2018-10-21T08:44:30.000,restless,19902263063,300
2018-10-20T00:32:30.000,restless,19902263062,240
2018-10-20T00:36:30.000,asleep,19902263062,660
2018-10-20T00:47:30.000,restless,19902263062,60
2018-10-20T00:48:30.000,asleep,19902263062,2100
2018-10-20T01:23:30.000,restless,19902263062,120
2018-10-20T01:25:30.000,asleep,19902263062,480
2018-10-20T01:33:30.000,restless,19902263062,60
2018-10-20T01:34:30.000,asleep,19902263062,780
2018-10-20T01:47:30.000,restless,19902263062,60
2018-10-20T01:48:30.000,asleep,19902263062,180
2018-10-20T01:51:30.000,restless,19902263062,60
2018-10-20T01:52:30.000,asleep,19902263062,9780
2018-10-20T04:35:30.000,restless,19902263062,60
2018-10-20T04:36:30.000,asleep,19902263062,2100
2018-10-20T05:11:30.000,restless,19902263062,60
2018-10-20T05:12:30.000,asleep,19902263062,2220
2018-10-20T05:49:30.000,restless,19902263062,60
2018-10-20T05:50:30.000,asleep,19902263062,3120
2018-10-20T06:42:30.000,restless,19902263062,60
2018-10-20T06:43:30.000,asleep,19902263062,1140
2018-10-20T07:02:30.000,restless,19902263062,60
2018-10-20T07:03:30.000,asleep,19902263062,1740
2018-10-20T07:32:30.000,restless,19902263062,60
2018-10-20T07:33:30.000,asleep,19902263062,1680
2018-10-20T08:01:30.000,restless,19902263062,180
2018-10-20T08:04:30.000,asleep,19902263062,300
2018-10-20T08:09:30.000,restless,19902263062,60
2018-10-19T00:39:00.000,awake,19884157131,300
2018-10-19T00:44:00.000,restless,19884157131,60
2018-10-19T00:45:00.000,asleep,19884157131,2640
2018-10-19T01:29:00.000,restless,19884157131,60
2018-10-19T01:30:00.000,asleep,19884157131,15540
2018-10-19T05:49:00.000,restless,19884157131,60
2018-10-19T05:50:00.000,asleep,19884157131,5160
2018-10-19T07:16:00.000,restless,19884157131,60
2018-10-19T07:17:00.000,asleep,19884157131,60
2018-10-19T07:18:00.000,restless,19884157131,60
2018-10-19T07:19:00.000,asleep,19884157131,540
2018-10-16T00:10:30.000,awake,19849371031,180
2018-10-16T00:13:30.000,restless,19849371031,60
2018-10-16T00:14:30.000,asleep,19849371031,180
2018-10-16T00:17:30.000,restless,19849371031,60
2018-10-16T00:18:30.000,asleep,19849371031,60
2018-10-16T00:19:30.000,restless,19849371031,60
2018-10-16T00:20:30.000,asleep,19849371031,240
2018-10-16T00:24:30.000,restless,19849371031,60
2018-10-16T00:25:30.000,asleep,19849371031,2700
2018-10-16T01:10:30.000,restless,19849371031,60
2018-10-16T01:11:30.000,asleep,19849371031,780
2018-10-16T01:24:30.000,restless,19849371031,60
2018-10-16T01:25:30.000,asleep,19849371031,20520
2018-10-16T07:07:30.000,restless,19849371031,60
2018-10-16T07:08:30.000,asleep,19849371031,1200
2018-10-14T23:32:30.000,asleep,19843182588,120
2018-10-14T23:34:30.000,restless,19843182588,120
2018-10-14T23:36:30.000,awake,19843182588,60
2018-10-14T23:37:30.000,restless,19843182588,120
2018-10-14T23:39:30.000,awake,19843182588,60
2018-10-14T23:40:30.000,restless,19843182588,180
2018-10-14T23:43:30.000,asleep,19843182588,8280
2018-10-15T02:01:30.000,restless,19843182588,180
2018-10-15T02:04:30.000,asleep,19843182588,8820
2018-10-15T04:31:30.000,restless,19843182588,60
2018-10-15T04:32:30.000,asleep,19843182588,5100
2018-10-15T05:57:30.000,restless,19843182588,180
2018-10-15T06:00:30.000,asleep,19843182588,1620
2018-10-15T06:27:30.000,restless,19843182588,60
2018-10-15T06:28:30.000,asleep,19843182588,240
2018-10-15T06:32:30.000,restless,19843182588,60
2018-10-15T06:33:30.000,asleep,19843182588,720
2018-10-13T22:53:30.000,restless,19828050976,360
2018-10-13T22:59:30.000,asleep,19828050976,360
2018-10-13T23:05:30.000,restless,19828050976,180
2018-10-13T23:08:30.000,asleep,19828050976,60
2018-10-13T23:09:30.000,restless,19828050976,180
2018-10-13T23:12:30.000,asleep,19828050976,2940
2018-10-14T00:01:30.000,restless,19828050976,60
2018-10-14T00:02:30.000,asleep,19828050976,60
2018-10-14T00:03:30.000,restless,19828050976,60
2018-10-14T00:04:30.000,asleep,19828050976,2760
2018-10-14T00:50:30.000,restless,19828050976,60
2018-10-14T00:51:30.000,asleep,19828050976,1200
2018-10-14T01:11:30.000,restless,19828050976,60
2018-10-14T01:12:30.000,asleep,19828050976,1200
2018-10-14T01:32:30.000,restless,19828050976,60
2018-10-14T01:33:30.000,asleep,19828050976,2820
2018-10-14T02:20:30.000,restless,19828050976,60
2018-10-14T02:21:30.000,asleep,19828050976,5160
2018-10-14T03:47:30.000,restless,19828050976,360
2018-10-14T03:53:30.000,asleep,19828050976,480
2018-10-11T21:40:00.000,asleep,19807801480,240
2018-10-11T21:44:00.000,restless,19807801480,120
2018-10-11T21:46:00.000,asleep,19807801480,1680
2018-10-11T22:14:00.000,restless,19807801480,180
2018-10-11T22:17:00.000,asleep,19807801480,60
2018-10-11T22:18:00.000,restless,19807801480,180
2018-10-11T22:21:00.000,asleep,19807801480,4080
2018-10-11T23:29:00.000,restless,19807801480,120
2018-10-11T23:31:00.000,asleep,19807801480,1020
2018-10-11T23:48:00.000,restless,19807801480,180
2018-10-11T23:51:00.000,asleep,19807801480,780
2018-10-12T00:04:00.000,restless,19807801480,60
2018-10-12T00:05:00.000,asleep,19807801480,900
2018-10-12T00:20:00.000,restless,19807801480,60
2018-10-12T00:21:00.000,asleep,19807801480,180
2018-10-12T00:24:00.000,restless,19807801480,60
2018-10-12T00:25:00.000,asleep,19807801480,16860
2018-10-12T05:06:00.000,restless,19807801480,60
2018-10-12T05:07:00.000,asleep,19807801480,300
2018-10-12T05:12:00.000,restless,19807801480,60
2018-10-12T05:13:00.000,asleep,19807801480,480
2018-10-12T05:21:00.000,restless,19807801480,60
2018-10-12T05:22:00.000,asleep,19807801480,1320
2018-10-12T05:44:00.000,restless,19807801480,120
2018-10-12T05:46:00.000,asleep,19807801480,960
2018-10-12T06:02:00.000,restless,19807801480,60
2018-10-12T06:03:00.000,asleep,19807801480,540
2018-10-12T06:12:00.000,restless,19807801480,60
2018-10-12T06:13:00.000,asleep,19807801480,1080
2018-10-12T06:31:00.000,restless,19807801480,60
2018-10-09T02:00:30.000,restless,19774997795,180
2018-10-09T02:03:30.000,awake,19774997795,180
2018-10-09T02:06:30.000,restless,19774997795,120
2018-10-09T02:08:30.000,asleep,19774997795,1920
2018-10-09T02:40:30.000,restless,19774997795,60
2018-10-09T02:41:30.000,asleep,19774997795,2400
2018-10-09T03:21:30.000,restless,19774997795,60
2018-10-09T03:22:30.000,asleep,19774997795,6780
2018-10-09T05:15:30.000,restless,19774997795,60
2018-10-09T05:16:30.000,asleep,19774997795,2160
2018-10-09T05:52:30.000,restless,19774997795,120
2018-10-09T05:54:30.000,asleep,19774997795,540
2018-10-09T06:03:30.000,restless,19774997795,60
2018-10-09T06:04:30.000,asleep,19774997795,2100
2018-10-09T06:39:30.000,restless,19774997795,120
2018-10-09T06:41:30.000,asleep,19774997795,60
2018-10-09T06:42:30.000,restless,19774997795,180
2018-10-09T06:45:30.000,asleep,19774997795,420
2018-10-09T06:52:30.000,restless,19774997795,60
2018-10-09T06:53:30.000,asleep,19774997795,2220
2018-10-09T07:30:30.000,restless,19774997795,180
2018-10-09T07:33:30.000,awake,19774997795,60
2018-10-09T07:34:30.000,asleep,19774997795,780
2018-10-09T07:47:30.000,restless,19774997795,60
2018-10-09T07:48:30.000,asleep,19774997795,840
2018-10-07T23:48:00.000,awake,19774997794,120
2018-10-07T23:50:00.000,asleep,19774997794,2940
2018-10-08T00:39:00.000,restless,19774997794,60
2018-10-08T00:40:00.000,asleep,19774997794,1620
2018-10-08T01:07:00.000,restless,19774997794,60
2018-10-08T01:08:00.000,asleep,19774997794,600
2018-10-08T01:18:00.000,restless,19774997794,60
2018-10-08T01:19:00.000,asleep,19774997794,7380
2018-10-08T03:22:00.000,restless,19774997794,120
2018-10-08T03:24:00.000,asleep,19774997794,1860
2018-10-08T03:55:00.000,restless,19774997794,60
2018-10-08T03:56:00.000,asleep,19774997794,1560
2018-10-08T04:22:00.000,restless,19774997794,60
2018-10-08T04:23:00.000,asleep,19774997794,1500
2018-10-08T04:48:00.000,restless,19774997794,120
2018-10-08T04:50:00.000,asleep,19774997794,60
2018-10-08T04:51:00.000,restless,19774997794,60
2018-10-08T04:52:00.000,asleep,19774997794,2700
2018-10-08T05:37:00.000,restless,19774997794,60
2018-10-08T05:38:00.000,asleep,19774997794,120
2018-10-08T05:40:00.000,restless,19774997794,120
2018-10-08T05:42:00.000,asleep,19774997794,60
2018-10-08T05:43:00.000,restless,19774997794,60
2018-10-08T05:44:00.000,asleep,19774997794,420
2018-11-05T22:33:00.000,asleep,20070096843,420
2018-11-05T22:40:00.000,restless,20070096843,240
2018-11-05T22:44:00.000,asleep,20070096843,6000
2018-11-06T00:24:00.000,restless,20070096843,300
2018-11-06T00:29:00.000,asleep,20070096843,7800
2018-11-06T02:39:00.000,restless,20070096843,180
2018-11-06T02:42:00.000,asleep,20070096843,6780
2018-11-06T04:35:00.000,restless,20070096843,300
2018-11-06T04:40:00.000,awake,20070096843,120
2018-11-06T04:42:00.000,restless,20070096843,60
2018-11-06T04:43:00.000,awake,20070096843,120
2018-11-03T23:44:00.000,restless,20050246210,60
2018-11-03T23:45:00.000,asleep,20050246210,120
2018-11-03T23:47:00.000,restless,20050246210,240
2018-11-03T23:51:00.000,asleep,20050246210,960
2018-11-04T00:07:00.000,restless,20050246210,180
2018-11-04T00:10:00.000,asleep,20050246210,180
2018-11-04T00:13:00.000,restless,20050246210,60
2018-11-04T00:14:00.000,asleep,20050246210,540
2018-11-04T00:23:00.000,restless,20050246210,180
2018-11-04T00:26:00.000,awake,20050246210,360
2018-11-04T00:32:00.000,restless,20050246210,120
2018-11-04T00:34:00.000,asleep,20050246210,180
2018-11-04T00:37:00.000,restless,20050246210,300
2018-11-04T00:42:00.000,asleep,20050246210,240
2018-11-04T00:46:00.000,restless,20050246210,120
2018-11-04T00:48:00.000,asleep,20050246210,600
2018-11-04T00:58:00.000,restless,20050246210,60
2018-11-04T00:59:00.000,asleep,20050246210,10380
2018-11-04T03:52:00.000,restless,20050246210,60
2018-11-04T03:53:00.000,asleep,20050246210,11220
2018-11-04T07:00:00.000,restless,20050246210,120
2018-11-04T07:02:00.000,asleep,20050246210,120
2018-11-01T13:06:00.000,awake,20038783045,120
2018-11-01T13:08:00.000,restless,20038783045,60
2018-11-01T13:09:00.000,awake,20038783045,60
2018-11-01T13:10:00.000,asleep,20038783045,420
2018-11-01T13:17:00.000,restless,20038783045,60
2018-11-01T13:18:00.000,asleep,20038783045,5760
2018-11-01T14:54:00.000,restless,20038783045,240
2018-11-01T14:58:00.000,awake,20038783045,120
2018-11-01T15:00:00.000,restless,20038783045,60
2018-11-01T15:01:00.000,asleep,20038783045,1800
2018-11-01T15:31:00.000,restless,20038783045,120
2018-10-31T22:04:30.000,asleep,20018489111,180
2018-10-31T22:07:30.000,restless,20018489111,240
2018-10-31T22:11:30.000,awake,20018489111,60
2018-10-31T22:12:30.000,restless,20018489111,180
2018-10-31T22:15:30.000,asleep,20018489111,1740
2018-10-31T22:44:30.000,restless,20018489111,60
2018-10-31T22:45:30.000,asleep,20018489111,10080
2018-11-01T01:33:30.000,restless,20018489111,60
2018-11-01T01:34:30.000,asleep,20018489111,1140
2018-11-01T01:53:30.000,restless,20018489111,120
2018-11-01T01:55:30.000,asleep,20018489111,5940
2018-11-01T03:34:30.000,restless,20018489111,180
2018-11-01T03:37:30.000,asleep,20018489111,7440
2018-11-01T05:41:30.000,restless,20018489111,240
2018-11-01T05:45:30.000,asleep,20018489111,60
2018-11-01T05:46:30.000,restless,20018489111,60
2018-10-30T22:20:00.000,asleep,20011674302,120
2018-10-30T22:22:00.000,awake,20011674302,60
2018-10-30T22:23:00.000,asleep,20011674302,1380
2018-10-30T22:46:00.000,restless,20011674302,120
2018-10-30T22:48:00.000,asleep,20011674302,18120
2018-10-31T03:50:00.000,restless,20011674302,60
2018-10-31T03:51:00.000,asleep,20011674302,900
2018-10-31T04:06:00.000,restless,20011674302,60
2018-10-31T04:07:00.000,asleep,20011674302,1620
2018-10-31T04:34:00.000,restless,20011674302,120
2018-10-31T04:36:00.000,asleep,20011674302,4500
2018-10-31T05:51:00.000,restless,20011674302,180
2018-10-31T05:54:00.000,awake,20011674302,180
2018-10-29T22:42:30.000,awake,19998753673,120
2018-10-29T22:44:30.000,asleep,19998753673,3240
2018-10-29T23:38:30.000,restless,19998753673,120
2018-10-29T23:40:30.000,asleep,19998753673,1860
2018-10-30T00:11:30.000,restless,19998753673,120
2018-10-30T00:13:30.000,asleep,19998753673,60
2018-10-30T00:14:30.000,restless,19998753673,60
2018-10-30T00:15:30.000,asleep,19998753673,3780
2018-10-30T01:18:30.000,restless,19998753673,60
2018-10-30T01:19:30.000,asleep,19998753673,15540
2018-10-28T22:58:00.000,asleep,19998751610,180
2018-10-28T23:01:00.000,restless,19998751610,420
2018-10-28T23:08:00.000,asleep,19998751610,120
2018-10-28T23:10:00.000,restless,19998751610,60
2018-10-28T23:11:00.000,asleep,19998751610,3300
2018-10-29T00:06:00.000,restless,19998751610,60
2018-10-29T00:07:00.000,asleep,19998751610,3480
2018-10-29T01:05:00.000,restless,19998751610,60
2018-10-29T01:06:00.000,asleep,19998751610,18000
2018-10-29T06:06:00.000,restless,19998751610,180
2018-10-29T06:09:00.000,asleep,19998751610,60
2018-10-29T06:10:00.000,restless,19998751610,180
2018-10-29T06:13:00.000,asleep,19998751610,120
2018-10-29T06:15:00.000,restless,19998751610,60
2018-10-29T06:16:00.000,asleep,19998751610,60
2018-10-27T22:47:00.000,restless,19998751609,240
2018-10-27T22:51:00.000,asleep,19998751609,1680
2018-10-27T23:19:00.000,restless,19998751609,120
2018-10-27T23:21:00.000,asleep,19998751609,6420
2018-10-28T01:08:00.000,restless,19998751609,120
2018-10-28T01:10:00.000,asleep,19998751609,1980
2018-10-28T01:43:00.000,restless,19998751609,60
2018-10-28T01:44:00.000,asleep,19998751609,3600
2018-10-28T02:44:00.000,restless,19998751609,120
2018-10-28T02:46:00.000,asleep,19998751609,60
2018-10-28T02:47:00.000,restless,19998751609,120
2018-10-28T02:49:00.000,asleep,19998751609,7920
2018-10-28T05:01:00.000,restless,19998751609,60
2018-10-28T05:02:00.000,asleep,19998751609,4800
2018-10-28T06:22:00.000,restless,19998751609,180
2018-10-28T06:25:00.000,asleep,19998751609,60
2018-10-28T06:26:00.000,restless,19998751609,180
2018-10-28T06:29:00.000,asleep,19998751609,120
2018-10-25T23:39:30.000,asleep,19959571902,540
2018-10-25T23:48:30.000,restless,19959571902,60
2018-10-25T23:49:30.000,asleep,19959571902,1260
2018-10-26T00:10:30.000,restless,19959571902,60
2018-10-26T00:11:30.000,asleep,19959571902,1200
2018-10-26T00:31:30.000,restless,19959571902,60
2018-10-26T00:32:30.000,asleep,19959571902,3240
2018-10-26T01:26:30.000,restless,19959571902,60
2018-10-26T01:27:30.000,asleep,19959571902,60
2018-10-26T01:28:30.000,restless,19959571902,60
2018-10-26T01:29:30.000,asleep,19959571902,14580
2018-10-26T05:32:30.000,restless,19959571902,60
2018-10-26T05:33:30.000,asleep,19959571902,1800
2018-10-26T06:03:30.000,restless,19959571902,60
2018-10-26T06:04:30.000,asleep,19959571902,4560
2018-10-26T07:20:30.000,restless,19959571902,120
2018-10-25T00:29:00.000,restless,19944450228,120
2018-10-25T00:31:00.000,asleep,19944450228,120
2018-10-25T00:33:00.000,restless,19944450228,120
2018-10-25T00:35:00.000,asleep,19944450228,120
2018-10-25T00:37:00.000,restless,19944450228,60
2018-10-25T00:38:00.000,asleep,19944450228,180
2018-10-25T00:41:00.000,restless,19944450228,60
2018-10-25T00:42:00.000,asleep,19944450228,3240
2018-10-25T01:36:00.000,restless,19944450228,60
2018-10-25T01:37:00.000,asleep,19944450228,3660
2018-10-25T02:38:00.000,restless,19944450228,60
2018-10-25T02:39:00.000,asleep,19944450228,12240
2018-10-21T01:28:30.000,asleep,19902263063,240
2018-10-21T01:32:30.000,restless,19902263063,60
2018-10-21T01:33:30.000,asleep,19902263063,120
2018-10-21T01:35:30.000,restless,19902263063,60
2018-10-21T01:36:30.000,asleep,19902263063,60
2018-10-21T01:37:30.000,restless,19902263063,60
2018-10-21T01:38:30.000,asleep,19902263063,420
2018-10-21T01:45:30.000,restless,19902263063,60
2018-10-21T01:46:30.000,asleep,19902263063,180
2018-10-21T01:49:30.000,restless,19902263063,60
2018-10-21T01:50:30.000,asleep,19902263063,7620
2018-10-21T03:57:30.000,restless,19902263063,60
2018-10-21T03:58:30.000,asleep,19902263063,1440
2018-10-21T04:22:30.000,restless,19902263063,60
2018-10-21T04:23:30.000,asleep,19902263063,600
2018-10-21T04:33:30.000,restless,19902263063,60
2018-10-21T04:34:30.000,asleep,19902263063,2220
2018-10-21T05:11:30.000,restless,19902263063,60
2018-10-21T05:12:30.000,asleep,19902263063,300
2018-10-21T05:17:30.000,restless,19902263063,60
2018-10-21T05:18:30.000,asleep,19902263063,8040
2018-10-21T07:32:30.000,restless,19902263063,60
2018-10-21T07:33:30.000,asleep,19902263063,2100
2018-10-21T08:08:30.000,restless,19902263063,120
2018-10-21T08:10:30.000,asleep,19902263063,120
2018-10-21T08:12:30.000,restless,19902263063,120
2018-10-21T08:14:30.000,asleep,19902263063,1620
2018-10-21T08:41:30.000,restless,19902263063,60
2018-10-21T08:42:30.000,asleep,19902263063,120
2018-10-21T08:44:30.000,restless,19902263063,300
2018-10-20T00:32:30.000,restless,19902263062,240
2018-10-20T00:36:30.000,asleep,19902263062,660
2018-10-20T00:47:30.000,restless,19902263062,60
2018-10-20T00:48:30.000,asleep,19902263062,2100
2018-10-20T01:23:30.000,restless,19902263062,120
2018-10-20T01:25:30.000,asleep,19902263062,480
2018-10-20T01:33:30.000,restless,19902263062,60
2018-10-20T01:34:30.000,asleep,19902263062,780
2018-10-20T01:47:30.000,restless,19902263062,60
2018-10-20T01:48:30.000,asleep,19902263062,180
2018-10-20T01:51:30.000,restless,19902263062,60
2018-10-20T01:52:30.000,asleep,19902263062,9780
2018-10-20T04:35:30.000,restless,19902263062,60
2018-10-20T04:36:30.000,asleep,19902263062,2100
2018-10-20T05:11:30.000,restless,19902263062,60
2018-10-20T05:12:30.000,asleep,19902263062,2220
2018-10-20T05:49:30.000,restless,19902263062,60
2018-10-20T05:50:30.000,asleep,19902263062,3120
2018-10-20T06:42:30.000,restless,19902263062,60
2018-10-20T06:43:30.000,asleep,19902263062,1140
2018-10-20T07:02:30.000,restless,19902263062,60
2018-10-20T07:03:30.000,asleep,19902263062,1740
2018-10-20T07:32:30.000,restless,19902263062,60
2018-10-20T07:33:30.000,asleep,19902263062,1680
2018-10-20T08:01:30.000,restless,19902263062,180
2018-10-20T08:04:30.000,asleep,19902263062,300
2018-10-20T08:09:30.000,restless,19902263062,60
2018-10-19T00:39:00.000,awake,19884157131,300
2018-10-19T00:44:00.000,restless,19884157131,60
2018-10-19T00:45:00.000,asleep,19884157131,2640
2018-10-19T01:29:00.000,restless,19884157131,60
2018-10-19T01:30:00.000,asleep,19884157131,15540
2018-10-19T05:49:00.000,restless,19884157131,60
2018-10-19T05:50:00.000,asleep,19884157131,5160
2018-10-19T07:16:00.000,restless,19884157131,60
2018-10-19T07:17:00.000,asleep,19884157131,60
2018-10-19T07:18:00.000,restless,19884157131,60
2018-10-19T07:19:00.000,asleep,19884157131,540
2018-10-16T00:10:30.000,awake,19849371031,180
2018-10-16T00:13:30.000,restless,19849371031,60
2018-10-16T00:14:30.000,asleep,19849371031,180
2018-10-16T00:17:30.000,restless,19849371031,60
2018-10-16T00:18:30.000,asleep,19849371031,60
2018-10-16T00:19:30.000,restless,19849371031,60
2018-10-16T00:20:30.000,asleep,19849371031,240
2018-10-16T00:24:30.000,restless,19849371031,60
2018-10-16T00:25:30.000,asleep,19849371031,2700
2018-10-16T01:10:30.000,restless,19849371031,60
2018-10-16T01:11:30.000,asleep,19849371031,780
2018-10-16T01:24:30.000,restless,19849371031,60
2018-10-16T01:25:30.000,asleep,19849371031,20520
2018-10-16T07:07:30.000,restless,19849371031,60
2018-10-16T07:08:30.000,asleep,19849371031,1200
2018-10-14T23:32:30.000,asleep,19843182588,120
2018-10-14T23:34:30.000,restless,19843182588,120
2018-10-14T23:36:30.000,awake,19843182588,60
2018-10-14T23:37:30.000,restless,19843182588,120
2018-10-14T23:39:30.000,awake,19843182588,60
2018-10-14T23:40:30.000,restless,19843182588,180
2018-10-14T23:43:30.000,asleep,19843182588,8280
2018-10-15T02:01:30.000,restless,19843182588,180
2018-10-15T02:04:30.000,asleep,19843182588,8820
2018-10-15T04:31:30.000,restless,19843182588,60
2018-10-15T04:32:30.000,asleep,19843182588,5100
2018-10-15T05:57:30.000,restless,19843182588,180
2018-10-15T06:00:30.000,asleep,19843182588,1620
2018-10-15T06:27:30.000,restless,19843182588,60
2018-10-15T06:28:30.000,asleep,19843182588,240
2018-10-15T06:32:30.000,restless,19843182588,60
2018-10-15T06:33:30.000,asleep,19843182588,720
2018-10-13T22:53:30.000,restless,19828050976,360
2018-10-13T22:59:30.000,asleep,19828050976,360
2018-10-13T23:05:30.000,restless,19828050976,180
2018-10-13T23:08:30.000,asleep,19828050976,60
2018-10-13T23:09:30.000,restless,19828050976,180
2018-10-13T23:12:30.000,asleep,19828050976,2940
2018-10-14T00:01:30.000,restless,19828050976,60
2018-10-14T00:02:30.000,asleep,19828050976,60
2018-10-14T00:03:30.000,restless,19828050976,60
2018-10-14T00:04:30.000,asleep,19828050976,2760
2018-10-14T00:50:30.000,restless,19828050976,60
2018-10-14T00:51:30.000,asleep,19828050976,1200
2018-10-14T01:11:30.000,restless,19828050976,60
2018-10-14T01:12:30.000,asleep,19828050976,1200
2018-10-14T01:32:30.000,restless,19828050976,60
2018-10-14T01:33:30.000,asleep,19828050976,2820
2018-10-14T02:20:30.000,restless,19828050976,60
2018-10-14T02:21:30.000,asleep,19828050976,5160
2018-10-14T03:47:30.000,restless,19828050976,360
2018-10-14T03:53:30.000,asleep,19828050976,480
2018-10-11T21:40:00.000,asleep,19807801480,240
2018-10-11T21:44:00.000,restless,19807801480,120
2018-10-11T21:46:00.000,asleep,19807801480,1680
2018-10-11T22:14:00.000,restless,19807801480,180
2018-10-11T22:17:00.000,asleep,19807801480,60
2018-10-11T22:18:00.000,restless,19807801480,180
2018-10-11T22:21:00.000,asleep,19807801480,4080
2018-10-11T23:29:00.000,restless,19807801480,120
2018-10-11T23:31:00.000,asleep,19807801480,1020
2018-10-11T23:48:00.000,restless,19807801480,180
2018-10-11T23:51:00.000,asleep,19807801480,780
2018-10-12T00:04:00.000,restless,19807801480,60
2018-10-12T00:05:00.000,asleep,19807801480,900
2018-10-12T00:20:00.000,restless,19807801480,60
2018-10-12T00:21:00.000,asleep,19807801480,180
2018-10-12T00:24:00.000,restless,19807801480,60
2018-10-12T00:25:00.000,asleep,19807801480,16860
2018-10-12T05:06:00.000,restless,19807801480,60
2018-10-12T05:07:00.000,asleep,19807801480,300
2018-10-12T05:12:00.000,restless,19807801480,60
2018-10-12T05:13:00.000,asleep,19807801480,480
2018-10-12T05:21:00.000,restless,19807801480,60
2018-10-12T05:22:00.000,asleep,19807801480,1320
2018-10-12T05:44:00.000,restless,19807801480,120
2018-10-12T05:46:00.000,asleep,19807801480,960
2018-10-12T06:02:00.000,restless,19807801480,60
2018-10-12T06:03:00.000,asleep,19807801480,540
2018-10-12T06:12:00.000,restless,19807801480,60
2018-10-12T06:13:00.000,asleep,19807801480,1080
2018-10-12T06:31:00.000,restless,19807801480,60
2018-10-09T02:00:30.000,restless,19774997795,180
2018-10-09T02:03:30.000,awake,19774997795,180
2018-10-09T02:06:30.000,restless,19774997795,120
2018-10-09T02:08:30.000,asleep,19774997795,1920
2018-10-09T02:40:30.000,restless,19774997795,60
2018-10-09T02:41:30.000,asleep,19774997795,2400
2018-10-09T03:21:30.000,restless,19774997795,60
2018-10-09T03:22:30.000,asleep,19774997795,6780
2018-10-09T05:15:30.000,restless,19774997795,60
2018-10-09T05:16:30.000,asleep,19774997795,2160
2018-10-09T05:52:30.000,restless,19774997795,120
2018-10-09T05:54:30.000,asleep,19774997795,540
2018-10-09T06:03:30.000,restless,19774997795,60
2018-10-09T06:04:30.000,asleep,19774997795,2100
2018-10-09T06:39:30.000,restless,19774997795,120
2018-10-09T06:41:30.000,asleep,19774997795,60
2018-10-09T06:42:30.000,restless,19774997795,180
2018-10-09T06:45:30.000,asleep,19774997795,420
2018-10-09T06:52:30.000,restless,19774997795,60
2018-10-09T06:53:30.000,asleep,19774997795,2220
2018-10-09T07:30:30.000,restless,19774997795,180
2018-10-09T07:33:30.000,awake,19774997795,60
2018-10-09T07:34:30.000,asleep,19774997795,780
2018-10-09T07:47:30.000,restless,19774997795,60
2018-10-09T07:48:30.000,asleep,19774997795,840
2018-10-07T23:48:00.000,awake,19774997794,120
2018-10-07T23:50:00.000,asleep,19774997794,2940
2018-10-08T00:39:00.000,restless,19774997794,60
2018-10-08T00:40:00.000,asleep,19774997794,1620
2018-10-08T01:07:00.000,restless,19774997794,60
2018-10-08T01:08:00.000,asleep,19774997794,600
2018-10-08T01:18:00.000,restless,19774997794,60
2018-10-08T01:19:00.000,asleep,19774997794,7380
2018-10-08T03:22:00.000,restless,19774997794,120
2018-10-08T03:24:00.000,asleep,19774997794,1860
2018-10-08T03:55:00.000,restless,19774997794,60
2018-10-08T03:56:00.000,asleep,19774997794,1560
2018-10-08T04:22:00.000,restless,19774997794,60
2018-10-08T04:23:00.000,asleep,19774997794,1500
2018-10-08T04:48:00.000,restless,19774997794,120
2018-10-08T04:50:00.000,asleep,19774997794,60
2018-10-08T04:51:00.000,restless,19774997794,60
2018-10-08T04:52:00.000,asleep,19774997794,2700
2018-10-08T05:37:00.000,restless,19774997794,60
2018-10-08T05:38:00.000,asleep,19774997794,120
2018-10-08T05:40:00.000,restless,19774997794,120
2018-10-08T05:42:00.000,asleep,19774997794,60
2018-10-08T05:43:00.000,restless,19774997794,60
2018-10-08T05:44:00.000,asleep,19774997794,420
2018-12-06T07:08:00.000,asleep,20400874410,1740
2018-12-06T07:37:00.000,restless,20400874410,120
2018-12-06T07:39:00.000,asleep,20400874410,900
2018-12-06T07:54:00.000,restless,20400874410,180
2018-12-06T07:57:00.000,asleep,20400874410,720
2018-12-05T22:56:00.000,asleep,20400874409,480
2018-12-05T23:04:00.000,restless,20400874409,60
2018-12-05T23:05:00.000,asleep,20400874409,60
2018-12-05T23:06:00.000,restless,20400874409,60
2018-12-05T23:07:00.000,asleep,20400874409,1260
2018-12-05T23:28:00.000,restless,20400874409,60
2018-12-05T23:29:00.000,asleep,20400874409,5700
2018-12-06T01:04:00.000,restless,20400874409,120
2018-12-06T01:06:00.000,asleep,20400874409,120
2018-12-06T01:08:00.000,restless,20400874409,60
2018-12-06T01:09:00.000,asleep,20400874409,480
2018-12-06T01:17:00.000,restless,20400874409,120
2018-12-06T01:19:00.000,asleep,20400874409,120
2018-12-06T01:21:00.000,restless,20400874409,120
2018-12-06T01:23:00.000,asleep,20400874409,1500
2018-12-06T01:48:00.000,restless,20400874409,60
2018-12-06T01:49:00.000,asleep,20400874409,13500
2018-12-06T05:34:00.000,restless,20400874409,60
2018-12-06T05:35:00.000,asleep,20400874409,120
2018-12-06T05:37:00.000,restless,20400874409,420
2018-12-06T05:44:00.000,asleep,20400874409,360
2018-12-06T05:50:00.000,restless,20400874409,240
2018-12-06T05:54:00.000,awake,20400874409,360
2018-12-03T22:46:00.000,asleep,20364241385,360
2018-12-03T22:52:00.000,restless,20364241385,60
2018-12-03T22:53:00.000,asleep,20364241385,180
2018-12-03T22:56:00.000,restless,20364241385,60
2018-12-03T22:57:00.000,asleep,20364241385,8160
2018-12-04T01:13:00.000,restless,20364241385,60
2018-12-04T01:14:00.000,asleep,20364241385,1620
2018-12-04T01:41:00.000,restless,20364241385,60
2018-12-04T01:42:00.000,asleep,20364241385,3240
2018-12-04T02:36:00.000,restless,20364241385,60
2018-12-04T02:37:00.000,asleep,20364241385,3540
2018-12-04T03:36:00.000,restless,20364241385,180
2018-12-04T03:39:00.000,asleep,20364241385,6660
2018-12-01T23:19:30.000,awake,20364241384,180
2018-12-01T23:22:30.000,restless,20364241384,60
2018-12-01T23:23:30.000,asleep,20364241384,60
2018-12-01T23:24:30.000,restless,20364241384,120
2018-12-01T23:26:30.000,asleep,20364241384,7980
2018-12-02T01:39:30.000,restless,20364241384,60
2018-12-02T01:40:30.000,asleep,20364241384,20820
2018-11-30T00:23:00.000,awake,20338261093,60
2018-11-30T00:24:00.000,restless,20338261093,60
2018-11-30T00:25:00.000,asleep,20338261093,420
2018-11-30T00:32:00.000,restless,20338261093,60
2018-11-30T00:33:00.000,asleep,20338261093,5100
2018-11-30T01:58:00.000,restless,20338261093,120
2018-11-30T02:00:00.000,asleep,20338261093,2100
2018-11-30T02:35:00.000,restless,20338261093,60
2018-11-30T02:36:00.000,asleep,20338261093,14280
2018-11-30T06:34:00.000,restless,20338261093,60
2018-11-30T06:35:00.000,asleep,20338261093,2220
2018-11-30T07:12:00.000,restless,20338261093,360
2018-11-30T07:18:00.000,asleep,20338261093,60
2018-11-30T07:19:00.000,restless,20338261093,60
2018-11-30T07:20:00.000,asleep,20338261093,480
2018-11-30T07:28:00.000,restless,20338261093,60
2018-11-28T23:06:30.000,asleep,20315781028,480
2018-11-28T23:14:30.000,restless,20315781028,240
2018-11-28T23:18:30.000,asleep,20315781028,2100
2018-11-28T23:53:30.000,restless,20315781028,240
2018-11-28T23:57:30.000,awake,20315781028,60
2018-11-28T23:58:30.000,asleep,20315781028,600
2018-11-29T00:08:30.000,restless,20315781028,120
2018-11-29T00:10:30.000,asleep,20315781028,3360
2018-11-29T01:06:30.000,restless,20315781028,180
2018-11-29T01:09:30.000,asleep,20315781028,12660
2018-11-29T04:40:30.000,restless,20315781028,60
2018-11-29T04:41:30.000,asleep,20315781028,4680
2018-11-29T05:59:30.000,restless,20315781028,60
2018-11-29T06:00:30.000,asleep,20315781028,1980
2018-11-29T06:33:30.000,restless,20315781028,60
2018-11-29T06:34:30.000,asleep,20315781028,300
2018-11-29T06:39:30.000,restless,20315781028,120
2018-11-27T23:28:30.000,asleep,20300264690,420
2018-11-27T23:35:30.000,restless,20300264690,60
2018-11-27T23:36:30.000,asleep,20300264690,2220
2018-11-28T00:13:30.000,restless,20300264690,60
2018-11-28T00:14:30.000,asleep,20300264690,4800
2018-11-28T01:34:30.000,restless,20300264690,180
2018-11-28T01:37:30.000,asleep,20300264690,60
2018-11-28T01:38:30.000,restless,20300264690,60
2018-11-28T01:39:30.000,asleep,20300264690,6360
2018-11-28T03:25:30.000,restless,20300264690,60
2018-11-28T03:26:30.000,asleep,20300264690,12180
2018-11-26T23:42:30.000,asleep,20289184017,540
2018-11-26T23:51:30.000,restless,20289184017,240
2018-11-26T23:55:30.000,asleep,20289184017,120
2018-11-26T23:57:30.000,restless,20289184017,60
2018-11-26T23:58:30.000,asleep,20289184017,1740
2018-11-27T00:27:30.000,restless,20289184017,60
2018-11-27T00:28:30.000,asleep,20289184017,3000
2018-11-27T01:18:30.000,restless,20289184017,60
2018-11-27T01:19:30.000,asleep,20289184017,16140
2018-11-27T05:48:30.000,restless,20289184017,60
2018-11-27T05:49:30.000,asleep,20289184017,4200
2018-11-24T11:16:30.000,awake,20279518080,120
2018-11-24T11:18:30.000,restless,20279518080,60
2018-11-24T11:19:30.000,asleep,20279518080,4740
2018-11-21T21:33:30.000,asleep,20279518079,360
2018-11-21T21:39:30.000,restless,20279518079,180
2018-11-21T21:42:30.000,asleep,20279518079,60
2018-11-21T21:43:30.000,restless,20279518079,180
2018-11-21T21:46:30.000,asleep,20279518079,1260
2018-11-21T22:07:30.000,restless,20279518079,60
2018-11-21T22:08:30.000,asleep,20279518079,1560
2018-11-21T22:34:30.000,restless,20279518079,60
2018-11-21T22:35:30.000,asleep,20279518079,3120
2018-11-21T23:27:30.000,restless,20279518079,180
2018-11-21T23:30:30.000,asleep,20279518079,60
2018-11-21T23:31:30.000,restless,20279518079,60
2018-11-21T23:32:30.000,asleep,20279518079,2400
2018-11-22T00:12:30.000,restless,20279518079,60
2018-11-22T00:13:30.000,asleep,20279518079,3720
2018-11-22T01:15:30.000,restless,20279518079,60
2018-11-22T01:16:30.000,asleep,20279518079,8040
2018-11-22T03:30:30.000,restless,20279518079,60
2018-11-22T03:31:30.000,asleep,20279518079,420
2018-11-22T03:38:30.000,restless,20279518079,120
2018-11-22T03:40:30.000,asleep,20279518079,120
2018-11-22T03:42:30.000,restless,20279518079,120
2018-11-22T03:44:30.000,asleep,20279518079,1380
2018-11-22T04:07:30.000,restless,20279518079,60
2018-11-22T04:08:30.000,asleep,20279518079,2580
2018-11-22T04:51:30.000,restless,20279518079,180
2018-11-22T04:54:30.000,asleep,20279518079,60
2018-11-22T04:55:30.000,restless,20279518079,60
2018-11-22T04:56:30.000,asleep,20279518079,660
2018-11-22T05:07:30.000,restless,20279518079,60
2018-11-22T05:08:30.000,asleep,20279518079,540
2018-11-22T05:17:30.000,restless,20279518079,60
2018-11-22T05:18:30.000,asleep,20279518079,360
2018-11-22T05:24:30.000,restless,20279518079,60
2018-11-22T05:25:30.000,asleep,20279518079,480
2018-11-22T05:33:30.000,restless,20279518079,60
2018-11-22T05:34:30.000,asleep,20279518079,5460
2018-11-22T07:05:30.000,restless,20279518079,60
2018-11-22T07:06:30.000,asleep,20279518079,120
2018-11-22T07:08:30.000,restless,20279518079,120
2018-11-22T07:10:30.000,asleep,20279518079,780
2018-11-21T00:45:30.000,awake,20279518078,60
2018-11-21T00:46:30.000,restless,20279518078,60
2018-11-21T00:47:30.000,asleep,20279518078,300
2018-11-21T00:52:30.000,restless,20279518078,60
2018-11-21T00:53:30.000,asleep,20279518078,1680
2018-11-21T01:21:30.000,restless,20279518078,120
2018-11-21T01:23:30.000,asleep,20279518078,60
2018-11-21T01:24:30.000,restless,20279518078,60
2018-11-21T01:25:30.000,awake,20279518078,180
2018-11-21T01:28:30.000,restless,20279518078,120
2018-11-21T01:30:30.000,asleep,20279518078,600
2018-11-21T01:40:30.000,restless,20279518078,60
2018-11-21T01:41:30.000,asleep,20279518078,9420
2018-11-21T04:18:30.000,restless,20279518078,60
2018-11-21T04:19:30.000,asleep,20279518078,2040
2018-11-21T04:53:30.000,restless,20279518078,60
2018-11-21T04:54:30.000,asleep,20279518078,3660
2018-11-21T05:55:30.000,restless,20279518078,120
2018-11-21T05:57:30.000,asleep,20279518078,4560
2018-11-21T07:13:30.000,restless,20279518078,60
2018-11-21T07:14:30.000,asleep,20279518078,60
2018-11-21T07:15:30.000,restless,20279518078,120
2018-11-16T00:15:30.000,asleep,20177723333,180
2018-11-16T00:18:30.000,restless,20177723333,180
2018-11-16T00:21:30.000,awake,20177723333,180
2018-11-16T00:24:30.000,restless,20177723333,120
2018-11-16T00:26:30.000,asleep,20177723333,60
2018-11-16T00:27:30.000,restless,20177723333,60
2018-11-16T00:28:30.000,asleep,20177723333,3000
2018-11-16T01:18:30.000,restless,20177723333,60
2018-11-16T01:19:30.000,asleep,20177723333,6120
2018-11-16T03:01:30.000,restless,20177723333,60
2018-11-16T03:02:30.000,asleep,20177723333,2400
2018-11-16T03:42:30.000,restless,20177723333,60
2018-11-16T03:43:30.000,asleep,20177723333,2100
2018-11-16T04:18:30.000,restless,20177723333,60
2018-11-16T04:19:30.000,asleep,20177723333,6240
2018-11-16T06:03:30.000,restless,20177723333,60
2018-11-16T06:04:30.000,asleep,20177723333,120
2018-11-16T06:06:30.000,restless,20177723333,60
2018-11-16T06:07:30.000,asleep,20177723333,3360
2018-11-16T07:03:30.000,restless,20177723333,60
2018-11-16T07:04:30.000,asleep,20177723333,960
2018-11-16T07:20:30.000,restless,20177723333,60
2018-11-16T07:21:30.000,asleep,20177723333,120
2018-11-16T07:23:30.000,restless,20177723333,120
2018-11-16T07:25:30.000,asleep,20177723333,60
2018-11-16T07:26:30.000,restless,20177723333,60
2018-11-16T07:27:30.000,asleep,20177723333,60
2018-11-16T07:28:30.000,restless,20177723333,60
2018-11-16T07:29:30.000,asleep,20177723333,60
2018-11-16T07:30:30.000,restless,20177723333,120
2018-11-16T07:32:30.000,asleep,20177723333,60
2018-11-16T07:33:30.000,restless,20177723333,60
2018-11-16T07:34:30.000,asleep,20177723333,60
2018-11-16T07:35:30.000,restless,20177723333,60
2018-11-16T07:36:30.000,asleep,20177723333,60
2018-11-16T07:37:30.000,restless,20177723333,60
2018-11-16T07:38:30.000,asleep,20177723333,60
2018-11-16T07:39:30.000,restless,20177723333,120
2018-11-16T07:41:30.000,asleep,20177723333,120
2018-11-14T23:42:00.000,asleep,20164849551,360
2018-11-14T23:48:00.000,restless,20164849551,60
2018-11-14T23:49:00.000,asleep,20164849551,60
2018-11-14T23:50:00.000,restless,20164849551,300
2018-11-14T23:55:00.000,asleep,20164849551,60
2018-11-14T23:56:00.000,restless,20164849551,60
2018-11-14T23:57:00.000,asleep,20164849551,4800
2018-11-15T01:17:00.000,restless,20164849551,60
2018-11-15T01:18:00.000,asleep,20164849551,2580
2018-11-15T02:01:00.000,restless,20164849551,180
2018-11-15T02:04:00.000,asleep,20164849551,60
2018-11-15T02:05:00.000,restless,20164849551,60
2018-11-15T02:06:00.000,asleep,20164849551,60
2018-11-15T02:07:00.000,restless,20164849551,60
2018-11-15T02:08:00.000,asleep,20164849551,8640
2018-11-15T04:32:00.000,restless,20164849551,60
2018-11-15T04:33:00.000,asleep,20164849551,5100
2018-11-15T05:58:00.000,restless,20164849551,180
2018-11-15T06:01:00.000,asleep,20164849551,60
2018-11-13T23:40:00.000,restless,20156487316,180
2018-11-13T23:43:00.000,awake,20156487316,300
2018-11-13T23:48:00.000,restless,20156487316,60
2018-11-13T23:49:00.000,asleep,20156487316,300
2018-11-13T23:54:00.000,restless,20156487316,180
2018-11-13T23:57:00.000,asleep,20156487316,120
2018-11-13T23:59:00.000,restless,20156487316,120
2018-11-14T00:01:00.000,asleep,20156487316,120
2018-11-14T00:03:00.000,restless,20156487316,120
2018-11-14T00:05:00.000,asleep,20156487316,2640
2018-11-14T00:49:00.000,restless,20156487316,60
2018-11-14T00:50:00.000,asleep,20156487316,180
2018-11-14T00:53:00.000,restless,20156487316,60
2018-11-14T00:54:00.000,asleep,20156487316,60
2018-11-14T00:55:00.000,restless,20156487316,60
2018-11-14T00:56:00.000,asleep,20156487316,2520
2018-11-14T01:38:00.000,restless,20156487316,60
2018-11-14T01:39:00.000,asleep,20156487316,5520
2018-11-14T03:11:00.000,restless,20156487316,60
2018-11-14T03:12:00.000,asleep,20156487316,13680
2018-11-14T07:00:00.000,restless,20156487316,60
2018-11-14T07:01:00.000,asleep,20156487316,120
2018-11-14T07:03:00.000,restless,20156487316,240
2018-11-14T07:07:00.000,asleep,20156487316,60
2018-11-12T22:44:30.000,asleep,20144243566,720
2018-11-12T22:56:30.000,restless,20144243566,60
2018-11-12T22:57:30.000,asleep,20144243566,5400
2018-11-13T00:27:30.000,restless,20144243566,60
2018-11-13T00:28:30.000,asleep,20144243566,3360
2018-11-13T01:24:30.000,restless,20144243566,60
2018-11-13T01:25:30.000,asleep,20144243566,4500
2018-11-13T02:40:30.000,restless,20144243566,60
2018-11-13T02:41:30.000,asleep,20144243566,10320
2018-11-13T05:33:30.000,restless,20144243566,60
2018-11-13T05:34:30.000,asleep,20144243566,1260
2018-11-13T05:55:30.000,restless,20144243566,480
2018-11-10T23:26:00.000,awake,20123839128,120
2018-11-10T23:28:00.000,restless,20123839128,60
2018-11-10T23:29:00.000,asleep,20123839128,1020
2018-11-10T23:46:00.000,restless,20123839128,60
2018-11-10T23:47:00.000,asleep,20123839128,120
2018-11-10T23:49:00.000,restless,20123839128,60
2018-11-10T23:50:00.000,awake,20123839128,60
2018-11-10T23:51:00.000,asleep,20123839128,3360
2018-11-11T00:47:00.000,restless,20123839128,60
2018-11-11T00:48:00.000,asleep,20123839128,840
2018-11-11T01:02:00.000,restless,20123839128,60
2018-11-11T01:03:00.000,asleep,20123839128,4620
2018-11-11T02:20:00.000,restless,20123839128,60
2018-11-11T02:21:00.000,asleep,20123839128,1500
2018-11-11T02:46:00.000,restless,20123839128,60
2018-11-11T02:47:00.000,asleep,20123839128,1440
2018-11-11T03:11:00.000,restless,20123839128,120
2018-11-11T03:13:00.000,asleep,20123839128,1620
2018-11-11T03:40:00.000,restless,20123839128,60
2018-11-11T03:41:00.000,asleep,20123839128,7320
2018-11-11T05:43:00.000,restless,20123839128,360
2018-11-11T05:49:00.000,awake,20123839128,60
2018-11-11T05:50:00.000,restless,20123839128,60
2018-11-11T05:51:00.000,awake,20123839128,180
2018-11-11T05:54:00.000,restless,20123839128,180
2018-11-11T05:57:00.000,asleep,20123839128,120
2018-11-11T05:59:00.000,restless,20123839128,60
2018-11-11T06:00:00.000,asleep,20123839128,240
2018-11-11T06:04:00.000,restless,20123839128,60
2018-11-11T06:05:00.000,asleep,20123839128,1260
2018-11-11T06:26:00.000,restless,20123839128,420
2018-11-11T06:33:00.000,awake,20123839128,60
2018-11-11T06:34:00.000,restless,20123839128,240
2018-11-11T06:38:00.000,asleep,20123839128,300
2018-11-11T06:43:00.000,restless,20123839128,60
2018-11-11T06:44:00.000,asleep,20123839128,720
2018-11-11T06:56:00.000,restless,20123839128,60
2018-11-11T06:57:00.000,asleep,20123839128,2880
2018-11-08T00:31:30.000,asleep,20097808075,360
2018-11-08T00:37:30.000,restless,20097808075,60
2018-11-08T00:38:30.000,asleep,20097808075,180
2018-11-08T00:41:30.000,restless,20097808075,60
2018-11-08T00:42:30.000,asleep,20097808075,1920
2018-11-08T01:14:30.000,restless,20097808075,60
2018-11-08T01:15:30.000,asleep,20097808075,1980
2018-11-08T01:48:30.000,restless,20097808075,60
2018-11-08T01:49:30.000,asleep,20097808075,1920
2018-11-08T02:21:30.000,restless,20097808075,60
2018-11-08T02:22:30.000,asleep,20097808075,1260
2018-11-08T02:43:30.000,restless,20097808075,60
2018-11-08T02:44:30.000,asleep,20097808075,420
2018-11-08T02:51:30.000,restless,20097808075,60
2018-11-08T02:52:30.000,asleep,20097808075,5280
2018-11-08T04:20:30.000,restless,20097808075,120
2018-11-08T04:22:30.000,asleep,20097808075,5880
2018-11-06T23:20:30.000,asleep,20083128052,240
2018-11-06T23:24:30.000,restless,20083128052,60
2018-11-06T23:25:30.000,asleep,20083128052,2220
2018-11-07T00:02:30.000,restless,20083128052,60
2018-11-07T00:03:30.000,asleep,20083128052,180
2018-11-07T00:06:30.000,restless,20083128052,60
2018-11-07T00:07:30.000,asleep,20083128052,5220
2018-11-07T01:34:30.000,restless,20083128052,120
2018-11-07T01:36:30.000,asleep,20083128052,13380
2018-11-07T05:19:30.000,restless,20083128052,60
2018-11-07T05:20:30.000,asleep,20083128052,780
2018-11-07T05:33:30.000,restless,20083128052,60
2018-11-07T05:34:30.000,asleep,20083128052,5220
2018-11-07T07:01:30.000,restless,20083128052,120
2018-11-07T07:03:30.000,awake,20083128052,60
2018-11-07T07:04:30.000,restless,20083128052,180
2018-11-07T07:07:30.000,awake,20083128052,180
2018-11-07T07:10:30.000,restless,20083128052,180
2018-11-07T07:13:30.000,asleep,20083128052,780
2018-11-05T22:33:00.000,asleep,20070096843,420
2018-11-05T22:40:00.000,restless,20070096843,240
2018-11-05T22:44:00.000,asleep,20070096843,6000
2018-11-06T00:24:00.000,restless,20070096843,300
2018-11-06T00:29:00.000,asleep,20070096843,7800
2018-11-06T02:39:00.000,restless,20070096843,180
2018-11-06T02:42:00.000,asleep,20070096843,6780
2018-11-06T04:35:00.000,restless,20070096843,300
2018-11-06T04:40:00.000,awake,20070096843,120
2018-11-06T04:42:00.000,restless,20070096843,60
2018-11-06T04:43:00.000,awake,20070096843,120
2019-01-01T22:40:30.000,restless,20677599833,60
2019-01-01T22:41:30.000,asleep,20677599833,60
2019-01-01T22:42:30.000,restless,20677599833,180
2019-01-01T22:45:30.000,asleep,20677599833,120
2019-01-01T22:47:30.000,restless,20677599833,240
2019-01-01T22:51:30.000,awake,20677599833,60
2019-01-01T22:52:30.000,asleep,20677599833,60
2019-01-01T22:53:30.000,restless,20677599833,60
2019-01-01T22:54:30.000,asleep,20677599833,6060
2019-01-02T00:35:30.000,restless,20677599833,180
2019-01-02T00:38:30.000,asleep,20677599833,60
2019-01-02T00:39:30.000,restless,20677599833,120
2019-01-02T00:41:30.000,asleep,20677599833,2040
2019-01-02T01:15:30.000,restless,20677599833,120
2019-01-02T01:17:30.000,asleep,20677599833,10320
2019-01-02T04:09:30.000,restless,20677599833,180
2019-01-02T04:12:30.000,asleep,20677599833,7260
2019-01-02T06:13:30.000,restless,20677599833,180
2019-01-02T06:16:30.000,asleep,20677599833,60
2019-01-02T06:17:30.000,restless,20677599833,60
2019-01-02T06:18:30.000,asleep,20677599833,180
2019-01-02T06:21:30.000,restless,20677599833,60
2019-01-01T00:32:00.000,asleep,20677599832,60
2019-01-01T00:33:00.000,restless,20677599832,60
2019-01-01T00:34:00.000,asleep,20677599832,60
2019-01-01T00:35:00.000,restless,20677599832,240
2019-01-01T00:39:00.000,asleep,20677599832,3300
2019-01-01T01:34:00.000,restless,20677599832,120
2019-01-01T01:36:00.000,asleep,20677599832,900
2019-01-01T01:51:00.000,restless,20677599832,360
2019-01-01T01:57:00.000,asleep,20677599832,1020
2019-01-01T02:14:00.000,restless,20677599832,60
2019-01-01T02:15:00.000,asleep,20677599832,180
2019-01-01T02:18:00.000,restless,20677599832,60
2019-01-01T02:19:00.000,asleep,20677599832,1740
2019-01-01T02:48:00.000,restless,20677599832,60
2019-01-01T02:49:00.000,asleep,20677599832,5340
2019-01-01T04:18:00.000,restless,20677599832,60
2019-01-01T04:19:00.000,asleep,20677599832,660
2019-01-01T04:30:00.000,restless,20677599832,180
2019-01-01T04:33:00.000,asleep,20677599832,60
2019-01-01T04:34:00.000,restless,20677599832,60
2019-01-01T04:35:00.000,asleep,20677599832,60
2019-01-01T04:36:00.000,restless,20677599832,60
2019-01-01T04:37:00.000,asleep,20677599832,4680
2019-01-01T05:55:00.000,restless,20677599832,60
2019-01-01T05:56:00.000,asleep,20677599832,1500
2019-01-01T06:21:00.000,restless,20677599832,60
2019-01-01T06:22:00.000,asleep,20677599832,720
2019-01-01T06:34:00.000,restless,20677599832,60
2019-01-01T06:35:00.000,asleep,20677599832,4680
2019-01-01T07:53:00.000,restless,20677599832,60
2019-01-01T07:54:00.000,asleep,20677599832,120
2019-01-01T07:56:00.000,restless,20677599832,60
2019-01-01T07:57:00.000,asleep,20677599832,60
2018-12-30T23:40:30.000,restless,20655315963,60
2018-12-30T23:41:30.000,asleep,20655315963,180
2018-12-30T23:44:30.000,restless,20655315963,60
2018-12-30T23:45:30.000,asleep,20655315963,720
2018-12-30T23:57:30.000,restless,20655315963,120
2018-12-30T23:59:30.000,asleep,20655315963,1560
2018-12-31T00:25:30.000,restless,20655315963,120
2018-12-31T00:27:30.000,asleep,20655315963,120
2018-12-31T00:29:30.000,restless,20655315963,120
2018-12-31T00:31:30.000,asleep,20655315963,2160
2018-12-31T01:07:30.000,restless,20655315963,60
2018-12-31T01:08:30.000,asleep,20655315963,1380
2018-12-31T01:31:30.000,restless,20655315963,60
2018-12-31T01:32:30.000,asleep,20655315963,2400
2018-12-31T02:12:30.000,restless,20655315963,60
2018-12-31T02:13:30.000,asleep,20655315963,3480
2018-12-31T03:11:30.000,restless,20655315963,60
2018-12-31T03:12:30.000,asleep,20655315963,180
2018-12-31T03:15:30.000,restless,20655315963,60
2018-12-31T03:16:30.000,asleep,20655315963,7320
2018-12-31T05:18:30.000,restless,20655315963,60
2018-12-31T05:19:30.000,asleep,20655315963,480
2018-12-31T05:27:30.000,restless,20655315963,180
2018-12-31T05:30:30.000,asleep,20655315963,60
2018-12-31T05:31:30.000,restless,20655315963,60
2018-12-31T05:32:30.000,asleep,20655315963,60
2018-12-31T05:33:30.000,restless,20655315963,60
2018-12-31T05:34:30.000,asleep,20655315963,4200
2018-12-31T06:44:30.000,restless,20655315963,120
2018-12-31T06:46:30.000,asleep,20655315963,720
2018-12-31T06:58:30.000,restless,20655315963,180
2018-12-31T07:01:30.000,asleep,20655315963,60
2018-12-31T07:02:30.000,restless,20655315963,180
2018-12-31T07:05:30.000,asleep,20655315963,180
2018-12-31T07:08:30.000,restless,20655315963,240
2018-12-31T07:12:30.000,awake,20655315963,240
2018-12-29T22:30:00.000,asleep,20641719584,240
2018-12-29T22:34:00.000,restless,20641719584,180
2018-12-29T22:37:00.000,asleep,20641719584,60
2018-12-29T22:38:00.000,restless,20641719584,180
2018-12-29T22:41:00.000,asleep,20641719584,300
2018-12-29T22:46:00.000,restless,20641719584,120
2018-12-29T22:48:00.000,asleep,20641719584,60
2018-12-29T22:49:00.000,restless,20641719584,180
2018-12-29T22:52:00.000,asleep,20641719584,480
2018-12-29T23:00:00.000,restless,20641719584,60
2018-12-29T23:01:00.000,asleep,20641719584,1320
2018-12-29T23:23:00.000,restless,20641719584,60
2018-12-29T23:24:00.000,asleep,20641719584,16860
2018-12-30T04:05:00.000,restless,20641719584,60
2018-12-30T04:06:00.000,asleep,20641719584,3300
2018-12-30T05:01:00.000,restless,20641719584,240
2018-12-23T23:14:30.000,awake,20639023163,60
2018-12-23T23:15:30.000,restless,20639023163,180
2018-12-23T23:18:30.000,asleep,20639023163,1320
2018-12-23T23:40:30.000,restless,20639023163,60
2018-12-23T23:41:30.000,asleep,20639023163,540
2018-12-23T23:50:30.000,restless,20639023163,60
2018-12-23T23:51:30.000,asleep,20639023163,1140
2018-12-24T00:10:30.000,restless,20639023163,60
2018-12-24T00:11:30.000,asleep,20639023163,6240
2018-12-24T01:55:30.000,restless,20639023163,60
2018-12-24T01:56:30.000,asleep,20639023163,5940
2018-12-24T03:35:30.000,restless,20639023163,60
2018-12-24T03:36:30.000,asleep,20639023163,60
2018-12-24T03:37:30.000,restless,20639023163,60
2018-12-24T03:38:30.000,asleep,20639023163,4200
2018-12-24T04:48:30.000,restless,20639023163,60
2018-12-24T04:49:30.000,asleep,20639023163,3960
2018-12-24T05:55:30.000,restless,20639023163,60
2018-12-24T05:56:30.000,asleep,20639023163,480
2018-12-24T06:04:30.000,restless,20639023163,240
2018-12-24T06:08:30.000,awake,20639023163,300
2018-12-24T06:13:30.000,restless,20639023163,60
2018-12-24T06:14:30.000,asleep,20639023163,60
2018-12-24T06:15:30.000,restless,20639023163,60
2018-12-24T06:16:30.000,asleep,20639023163,3540
2018-12-24T07:15:30.000,restless,20639023163,180
2018-12-24T07:18:30.000,asleep,20639023163,180
2018-12-22T22:57:30.000,restless,20639023162,300
2018-12-22T23:02:30.000,asleep,20639023162,360
2018-12-22T23:08:30.000,restless,20639023162,60
2018-12-22T23:09:30.000,asleep,20639023162,540
2018-12-22T23:18:30.000,restless,20639023162,420
2018-12-22T23:25:30.000,asleep,20639023162,780
2018-12-22T23:38:30.000,restless,20639023162,180
2018-12-22T23:41:30.000,asleep,20639023162,60
2018-12-22T23:42:30.000,restless,20639023162,60
2018-12-22T23:43:30.000,asleep,20639023162,3540
2018-12-23T00:42:30.000,restless,20639023162,60
2018-12-23T00:43:30.000,asleep,20639023162,2220
2018-12-23T01:20:30.000,restless,20639023162,60
2018-12-23T01:21:30.000,asleep,20639023162,120
2018-12-23T01:23:30.000,restless,20639023162,60
2018-12-23T01:24:30.000,asleep,20639023162,420
2018-12-23T01:31:30.000,restless,20639023162,60
2018-12-23T01:32:30.000,asleep,20639023162,4740
2018-12-23T02:51:30.000,restless,20639023162,60
2018-12-23T02:52:30.000,asleep,20639023162,1920
2018-12-23T03:24:30.000,restless,20639023162,60
2018-12-23T03:25:30.000,asleep,20639023162,1800
2018-12-23T03:55:30.000,restless,20639023162,60
2018-12-23T03:56:30.000,asleep,20639023162,180
2018-12-23T03:59:30.000,restless,20639023162,60
2018-12-23T04:00:30.000,asleep,20639023162,4080
2018-12-23T05:08:30.000,restless,20639023162,60
2018-12-23T05:09:30.000,asleep,20639023162,2820
2018-12-23T05:56:30.000,restless,20639023162,60
2018-12-23T05:57:30.000,asleep,20639023162,3720
2018-12-23T06:59:30.000,restless,20639023162,120
2018-12-23T07:01:30.000,asleep,20639023162,60
2018-12-23T07:02:30.000,restless,20639023162,180
2018-12-23T07:05:30.000,asleep,20639023162,60
2018-12-23T07:06:30.000,restless,20639023162,120
2018-12-23T07:08:30.000,asleep,20639023162,60
2018-12-23T07:09:30.000,restless,20639023162,60
2018-12-23T07:10:30.000,asleep,20639023162,840
2018-12-23T07:24:30.000,restless,20639023162,180
2018-12-23T07:27:30.000,asleep,20639023162,60
2018-12-23T07:28:30.000,restless,20639023162,60
2018-12-23T07:29:30.000,asleep,20639023162,780
2018-12-23T07:42:30.000,restless,20639023162,240
2018-12-23T07:46:30.000,awake,20639023162,60
2018-12-23T07:47:30.000,asleep,20639023162,60
2018-12-23T07:48:30.000,restless,20639023162,60
2018-12-23T07:49:30.000,asleep,20639023162,60
2018-12-19T23:21:30.000,restless,20534823053,120
2018-12-19T23:23:30.000,asleep,20534823053,240
2018-12-19T23:27:30.000,restless,20534823053,120
2018-12-19T23:29:30.000,asleep,20534823053,60
2018-12-19T23:30:30.000,restless,20534823053,120
2018-12-19T23:32:30.000,asleep,20534823053,5280
2018-12-20T01:00:30.000,restless,20534823053,60
2018-12-20T01:01:30.000,asleep,20534823053,420
2018-12-20T01:08:30.000,restless,20534823053,60
2018-12-20T01:09:30.000,asleep,20534823053,2580
2018-12-20T01:52:30.000,restless,20534823053,60
2018-12-20T01:53:30.000,asleep,20534823053,8040
2018-12-20T04:07:30.000,restless,20534823053,60
2018-12-20T04:08:30.000,asleep,20534823053,1440
2018-12-20T04:32:30.000,restless,20534823053,60
2018-12-20T04:33:30.000,asleep,20534823053,120
2018-12-20T04:35:30.000,restless,20534823053,120
2018-12-18T21:29:00.000,asleep,20516988863,3240
2018-12-18T22:23:00.000,restless,20516988863,120
2018-12-18T22:25:00.000,asleep,20516988863,60
2018-12-18T22:26:00.000,restless,20516988863,120
2018-12-18T22:28:00.000,awake,20516988863,60
2018-12-18T22:29:00.000,restless,20516988863,60
2018-12-18T22:30:00.000,asleep,20516988863,300
2018-12-18T22:35:00.000,restless,20516988863,60
2018-12-18T22:36:00.000,asleep,20516988863,120
2018-12-18T22:38:00.000,restless,20516988863,420
2018-12-18T22:45:00.000,awake,20516988863,60
2018-12-18T22:46:00.000,restless,20516988863,120
2018-12-18T22:48:00.000,asleep,20516988863,180
2018-12-18T22:51:00.000,restless,20516988863,120
2018-12-18T22:53:00.000,asleep,20516988863,60
2018-12-18T22:54:00.000,restless,20516988863,120
2018-12-18T22:56:00.000,asleep,20516988863,6780
2018-12-19T00:49:00.000,restless,20516988863,120
2018-12-19T00:51:00.000,asleep,20516988863,1800
2018-12-19T01:21:00.000,restless,20516988863,60
2018-12-19T01:22:00.000,asleep,20516988863,2340
2018-12-19T02:01:00.000,restless,20516988863,60
2018-12-19T02:02:00.000,asleep,20516988863,180
2018-12-19T02:05:00.000,restless,20516988863,60
2018-12-19T02:06:00.000,asleep,20516988863,11700
2018-12-19T05:21:00.000,restless,20516988863,60
2018-12-19T05:22:00.000,asleep,20516988863,720
2018-12-19T05:34:00.000,restless,20516988863,60
2018-12-19T05:35:00.000,asleep,20516988863,1860
2018-12-19T06:06:00.000,restless,20516988863,60
2018-12-16T00:27:30.000,restless,20516988862,180
2018-12-16T00:30:30.000,asleep,20516988862,240
2018-12-16T00:34:30.000,restless,20516988862,60
2018-12-16T00:35:30.000,asleep,20516988862,1740
2018-12-16T01:04:30.000,restless,20516988862,60
2018-12-16T01:05:30.000,asleep,20516988862,2400
2018-12-16T01:45:30.000,restless,20516988862,60
2018-12-16T01:46:30.000,asleep,20516988862,3840
2018-12-16T02:50:30.000,restless,20516988862,60
2018-12-16T02:51:30.000,asleep,20516988862,480
2018-12-16T02:59:30.000,restless,20516988862,60
2018-12-16T03:00:30.000,asleep,20516988862,3540
2018-12-16T03:59:30.000,restless,20516988862,120
2018-12-16T04:01:30.000,asleep,20516988862,11340
2018-12-16T07:10:30.000,restless,20516988862,120
2018-12-16T07:12:30.000,asleep,20516988862,60
2018-12-15T15:00:30.000,awake,20516988860,120
2018-12-15T15:02:30.000,asleep,20516988860,5100
2018-12-14T23:16:30.000,asleep,20479925208,480
2018-12-14T23:24:30.000,restless,20479925208,60
2018-12-14T23:25:30.000,asleep,20479925208,2460
2018-12-15T00:06:30.000,restless,20479925208,60
2018-12-15T00:07:30.000,asleep,20479925208,180
2018-12-15T00:10:30.000,restless,20479925208,60
2018-12-15T00:11:30.000,asleep,20479925208,10680
2018-12-15T03:09:30.000,restless,20479925208,60
2018-12-15T03:10:30.000,asleep,20479925208,1560
2018-12-15T03:36:30.000,restless,20479925208,180
2018-12-15T03:39:30.000,asleep,20479925208,60
2018-12-15T03:40:30.000,restless,20479925208,60
2018-12-15T03:41:30.000,asleep,20479925208,1020
2018-12-15T03:58:30.000,restless,20479925208,120
2018-12-15T04:00:30.000,asleep,20479925208,120
2018-12-15T04:02:30.000,restless,20479925208,60
2018-12-15T04:03:30.000,asleep,20479925208,60
2018-12-15T04:04:30.000,restless,20479925208,240
2018-12-15T04:08:30.000,awake,20479925208,180
2018-12-15T04:11:30.000,restless,20479925208,120
2018-12-15T04:13:30.000,asleep,20479925208,180
2018-12-15T04:16:30.000,restless,20479925208,120
2018-12-15T04:18:30.000,asleep,20479925208,120
2018-12-15T04:20:30.000,restless,20479925208,120
2018-12-15T04:22:30.000,asleep,20479925208,840
2018-12-15T04:36:30.000,restless,20479925208,180
2018-12-15T04:39:30.000,asleep,20479925208,60
2018-12-15T04:40:30.000,restless,20479925208,300
2018-12-15T04:45:30.000,asleep,20479925208,480
2018-12-15T04:53:30.000,restless,20479925208,120
2018-12-15T04:55:30.000,asleep,20479925208,120
2018-12-15T04:57:30.000,restless,20479925208,120
2018-12-15T04:59:30.000,asleep,20479925208,360
2018-12-15T05:05:30.000,restless,20479925208,180
2018-12-15T05:08:30.000,awake,20479925208,240
2018-12-15T05:12:30.000,restless,20479925208,120
2018-12-15T05:14:30.000,awake,20479925208,60
2018-12-14T00:57:30.000,awake,20472375240,120
2018-12-14T00:59:30.000,restless,20472375240,120
2018-12-14T01:01:30.000,asleep,20472375240,60
2018-12-14T01:02:30.000,restless,20472375240,300
2018-12-14T01:07:30.000,awake,20472375240,120
2018-12-14T01:09:30.000,restless,20472375240,60
2018-12-14T01:10:30.000,asleep,20472375240,600
2018-12-14T01:20:30.000,restless,20472375240,60
2018-12-14T01:21:30.000,asleep,20472375240,6360
2018-12-14T03:07:30.000,restless,20472375240,180
2018-12-14T03:10:30.000,asleep,20472375240,60
2018-12-14T03:11:30.000,restless,20472375240,60
2018-12-14T03:12:30.000,asleep,20472375240,7200
2018-12-14T05:12:30.000,restless,20472375240,60
2018-12-14T05:13:30.000,asleep,20472375240,8400
2018-12-14T07:33:30.000,restless,20472375240,60
2018-12-14T07:34:30.000,asleep,20472375240,1020
2018-12-14T07:51:30.000,restless,20472375240,60
2018-12-14T07:52:30.000,asleep,20472375240,420
2018-12-14T07:59:30.000,restless,20472375240,60
2018-12-14T08:00:30.000,asleep,20472375240,180
2018-12-14T08:03:30.000,restless,20472375240,120
2018-12-14T08:05:30.000,asleep,20472375240,240
2018-12-14T08:09:30.000,restless,20472375240,240
2018-12-14T08:13:30.000,awake,20472375240,60
2018-12-12T23:40:00.000,asleep,20462076661,1020
2018-12-12T23:57:00.000,restless,20462076661,120
2018-12-12T23:59:00.000,asleep,20462076661,420
2018-12-13T00:06:00.000,restless,20462076661,60
2018-12-13T00:07:00.000,asleep,20462076661,3420
2018-12-13T01:04:00.000,restless,20462076661,120
2018-12-13T01:06:00.000,asleep,20462076661,120
2018-12-13T01:08:00.000,restless,20462076661,60
2018-12-13T01:09:00.000,asleep,20462076661,4620
2018-12-13T02:26:00.000,restless,20462076661,120
2018-12-13T02:28:00.000,asleep,20462076661,12540
2018-12-13T05:57:00.000,restless,20462076661,60
2018-12-13T05:58:00.000,asleep,20462076661,180
2018-12-13T06:01:00.000,restless,20462076661,60
2018-12-13T06:02:00.000,asleep,20462076661,120
2018-12-13T06:04:00.000,restless,20462076661,60
2018-12-13T06:05:00.000,asleep,20462076661,1500
2018-12-13T06:30:00.000,restless,20462076661,120
2018-12-13T06:32:00.000,asleep,20462076661,1980
2018-12-13T07:05:00.000,restless,20462076661,60
2018-12-13T07:06:00.000,asleep,20462076661,240
2018-12-13T07:10:00.000,restless,20462076661,60
2018-12-13T07:11:00.000,asleep,20462076661,1380
2018-12-12T01:01:00.000,restless,20457692868,120
2018-12-12T01:03:00.000,asleep,20457692868,60
2018-12-12T01:04:00.000,restless,20457692868,60
2018-12-12T01:05:00.000,asleep,20457692868,180
2018-12-12T01:08:00.000,restless,20457692868,300
2018-12-12T01:13:00.000,awake,20457692868,120
2018-12-12T01:15:00.000,restless,20457692868,60
2018-12-12T01:16:00.000,asleep,20457692868,1380
2018-12-12T01:39:00.000,restless,20457692868,60
2018-12-12T01:40:00.000,asleep,20457692868,8220
2018-12-12T03:57:00.000,restless,20457692868,60
2018-12-12T03:58:00.000,asleep,20457692868,12720
2018-12-12T07:30:00.000,restless,20457692868,120
2018-12-12T07:32:00.000,asleep,20457692868,120
2018-12-12T07:34:00.000,restless,20457692868,60
2018-12-12T07:35:00.000,asleep,20457692868,480
2018-12-12T07:43:00.000,restless,20457692868,60
2018-12-12T07:44:00.000,asleep,20457692868,240
2018-12-12T07:48:00.000,restless,20457692868,60
2018-12-12T07:49:00.000,asleep,20457692868,240
2018-12-12T07:53:00.000,restless,20457692868,60
2018-12-12T07:54:00.000,asleep,20457692868,300
2018-12-12T07:59:00.000,restless,20457692868,120
2018-12-12T08:01:00.000,asleep,20457692868,60
2018-12-12T08:02:00.000,restless,20457692868,180
2018-12-12T08:05:00.000,asleep,20457692868,240
2018-12-11T00:28:30.000,asleep,20457692867,120
2018-12-11T00:30:30.000,restless,20457692867,60
2018-12-11T00:31:30.000,asleep,20457692867,180
2018-12-11T00:34:30.000,restless,20457692867,60
2018-12-11T00:35:30.000,asleep,20457692867,2460
2018-12-11T01:16:30.000,restless,20457692867,60
2018-12-11T01:17:30.000,asleep,20457692867,360
2018-12-11T01:23:30.000,restless,20457692867,60
2018-12-11T01:24:30.000,asleep,20457692867,180
2018-12-11T01:27:30.000,restless,20457692867,60
2018-12-11T01:28:30.000,asleep,20457692867,2520
2018-12-11T02:10:30.000,restless,20457692867,60
2018-12-11T02:11:30.000,asleep,20457692867,7740
2018-12-11T04:20:30.000,restless,20457692867,60
2018-12-11T04:21:30.000,asleep,20457692867,11040
2018-12-11T07:25:30.000,restless,20457692867,60
2018-12-11T07:26:30.000,asleep,20457692867,360
2018-12-09T16:44:00.000,restless,20436628689,60
2018-12-09T16:45:00.000,awake,20436628689,60
2018-12-09T16:46:00.000,asleep,20436628689,11880
2018-12-09T20:04:00.000,awake,20436628689,60
2018-12-09T20:05:00.000,asleep,20436628689,3120
2018-12-09T20:57:00.000,awake,20436628689,60
2018-12-09T20:58:00.000,asleep,20436628689,540
2018-12-09T21:07:00.000,restless,20436628689,120
2018-12-09T21:09:00.000,awake,20436628689,60
2018-12-09T21:10:00.000,asleep,20436628689,300
2018-12-09T21:15:00.000,awake,20436628689,60
2018-12-09T21:16:00.000,asleep,20436628689,60
2018-12-09T21:17:00.000,awake,20436628689,60
2018-12-09T21:18:00.000,restless,20436628689,240
2018-12-09T21:22:00.000,asleep,20436628689,360
2018-12-09T21:28:00.000,restless,20436628689,60
2018-12-09T21:29:00.000,awake,20436628689,60
2018-12-09T21:30:00.000,asleep,20436628689,780
2018-12-09T21:43:00.000,awake,20436628689,60
2018-12-09T21:44:00.000,asleep,20436628689,1440
2018-12-09T22:08:00.000,restless,20436628689,180
2018-12-09T22:11:00.000,asleep,20436628689,360
2018-12-09T22:17:00.000,awake,20436628689,60
2018-12-09T22:18:00.000,asleep,20436628689,1380
2018-12-06T22:42:00.000,asleep,20400874411,60
2018-12-06T22:43:00.000,restless,20400874411,60
2018-12-06T22:44:00.000,asleep,20400874411,540
2018-12-06T22:53:00.000,restless,20400874411,240
2018-12-06T22:57:00.000,asleep,20400874411,2100
2018-12-06T23:32:00.000,restless,20400874411,60
2018-12-06T23:33:00.000,asleep,20400874411,10620
2018-12-07T02:30:00.000,restless,20400874411,180
2018-12-07T02:33:00.000,asleep,20400874411,60
2018-12-07T02:34:00.000,restless,20400874411,60
2018-12-07T02:35:00.000,asleep,20400874411,60
2018-12-07T02:36:00.000,restless,20400874411,120
2018-12-07T02:38:00.000,asleep,20400874411,120
2018-12-07T02:40:00.000,restless,20400874411,60
2018-12-07T02:41:00.000,asleep,20400874411,3120
2018-12-07T03:33:00.000,restless,20400874411,60
2018-12-07T03:34:00.000,asleep,20400874411,7200
2018-12-07T05:34:00.000,restless,20400874411,60
2018-12-07T05:35:00.000,asleep,20400874411,240
2018-12-07T05:39:00.000,restless,20400874411,240
2018-12-07T05:43:00.000,awake,20400874411,60
2018-12-06T07:08:00.000,asleep,20400874410,1740
2018-12-06T07:37:00.000,restless,20400874410,120
2018-12-06T07:39:00.000,asleep,20400874410,900
2018-12-06T07:54:00.000,restless,20400874410,180
2018-12-06T07:57:00.000,asleep,20400874410,720
2018-12-05T22:56:00.000,asleep,20400874409,480
2018-12-05T23:04:00.000,restless,20400874409,60
2018-12-05T23:05:00.000,asleep,20400874409,60
2018-12-05T23:06:00.000,restless,20400874409,60
2018-12-05T23:07:00.000,asleep,20400874409,1260
2018-12-05T23:28:00.000,restless,20400874409,60
2018-12-05T23:29:00.000,asleep,20400874409,5700
2018-12-06T01:04:00.000,restless,20400874409,120
2018-12-06T01:06:00.000,asleep,20400874409,120
2018-12-06T01:08:00.000,restless,20400874409,60
2018-12-06T01:09:00.000,asleep,20400874409,480
2018-12-06T01:17:00.000,restless,20400874409,120
2018-12-06T01:19:00.000,asleep,20400874409,120
2018-12-06T01:21:00.000,restless,20400874409,120
2018-12-06T01:23:00.000,asleep,20400874409,1500
2018-12-06T01:48:00.000,restless,20400874409,60
2018-12-06T01:49:00.000,asleep,20400874409,13500
2018-12-06T05:34:00.000,restless,20400874409,60
2018-12-06T05:35:00.000,asleep,20400874409,120
2018-12-06T05:37:00.000,restless,20400874409,420
2018-12-06T05:44:00.000,asleep,20400874409,360
2018-12-06T05:50:00.000,restless,20400874409,240
2018-12-06T05:54:00.000,awake,20400874409,360
